Series Name,Series Code,Country Name,Country Code,1990 [YR1990],1995 [YR1995],2000 [YR2000],2005 [YR2005],2010 [YR2010],2011 [YR2011],2012 [YR2012],2013 [YR2013],2014 [YR2014],2015 [YR2015],2016 [YR2016],2017 [YR2017]
"Life expectancy at birth, total (years)",SP.DYN.LE00.IN,Afghanistan,AFG,45.967,52.544,55.298,58.361,60.851,61.419,61.923,62.417,62.545,62.659,63.136,63.016
"Life expectancy at birth, total (years)",SP.DYN.LE00.IN,Albania,ALB,73.144,74.362,75.404,76.621,77.936,78.092,78.064,78.123,78.407,78.644,78.86,79.047
"Life expectancy at birth, total (years)",SP.DYN.LE00.IN,Algeria,DZA,67.416,67.454,70.478,72.061,73.808,74.123,74.202,74.615,75.11,75.622,75.732,75.743
"Life expectancy at birth, total (years)",SP.DYN.LE00.IN,American Samoa,ASM,..,..,..,..,..,..,..,..,..,..,..,..
"Life expectancy at birth, total (years)",SP.DYN.LE00.IN,Andorra,AND,..,..,..,..,..,..,..,..,..,..,..,..
"Life expectancy at birth, total (years)",SP.DYN.LE00.IN,Angola,AGO,41.893,45.849,46.024,51.57,56.726,57.596,58.623,59.307,60.04,60.655,61.092,61.68
"Life expectancy at birth, total (years)",SP.DYN.LE00.IN,Antigua and Barbuda,ATG,73.492,73.636,74.606,75.825,76.82,77.104,77.35,77.583,77.858,77.913,78.152,78.268
"Life expectancy at birth, total (years)",SP.DYN.LE00.IN,Argentina,ARG,71.784,73.133,73.926,75.139,75.721,76.124,76.467,76.491,76.755,76.76,76.308,76.833
"Life expectancy at birth, total (years)",SP.DYN.LE00.IN,Armenia,ARM,68.821,69.311,70.624,71.792,73.16,73.305,73.454,73.676,74.058,74.436,74.664,74.906
"Life expectancy at birth, total (years)",SP.DYN.LE00.IN,Aruba,ABW,73.076,73.349,73.569,73.811,75.404,75.465,75.531,75.636,75.601,75.683,75.617,75.903
"Life expectancy at birth, total (years)",SP.DYN.LE00.IN,Australia,AUS,76.9946341463415,77.8292682926829,79.2341463414634,80.8414634146341,81.6951219512195,81.8951219512195,82.0463414634146,82.1487804878049,82.3,82.4,82.4487804878049,82.5
"Life expectancy at birth, total (years)",SP.DYN.LE00.IN,Austria,AUT,75.5682926829269,76.6682926829268,78.1268292682927,79.3317073170732,80.5804878048781,80.9829268292683,80.9365853658537,81.1365853658537,81.490243902439,81.190243902439,81.6414634146342,81.6439024390244
"Life expectancy at birth, total (years)",SP.DYN.LE00.IN,Azerbaijan,AZE,62.352,62.305,64.891,67.562,69.529,69.984,70.36,70.881,71.116,71.451,72.004,72.248
"Life expectancy at birth, total (years)",SP.DYN.LE00.IN,"Bahamas, The",BHS,70.133,70.763,72.041,72.765,72.731,72.564,72.753,73.024,73.366,73.104,73.537,73.632
"Life expectancy at birth, total (years)",SP.DYN.LE00.IN,Bahrain,BHR,72.668,73.799,75.496,76.931,78.748,78.89,79.081,79.246,79.328,79.405,79.557,79.689
"Life expectancy at birth, total (years)",SP.DYN.LE00.IN,Bangladesh,BGD,55.989,59.467,65.779,67.299,68.638,68.809,69.554,69.565,69.986,70.491,71.09,71.788
"Life expectancy at birth, total (years)",SP.DYN.LE00.IN,Barbados,BRB,72.752,73.298,74.089,74.89,75.712,75.917,76.099,76.275,76.476,76.65,76.815,76.936
"Life expectancy at birth, total (years)",SP.DYN.LE00.IN,Belarus,BLR,70.8365853658537,68.4609756097561,68.9121951219512,68.8512195121951,70.4048780487805,70.5536585365854,71.9658536585366,72.4707317073171,72.9707317073171,73.6243902439025,73.8268292682927,74.1292682926829
"Life expectancy at birth, total (years)",SP.DYN.LE00.IN,Belgium,BEL,76.0519512195122,76.8407317073171,77.7219512195122,78.9804878048781,80.1829268292683,80.5853658536585,80.3853658536585,80.5878048780488,81.2878048780488,80.9926829268293,81.4390243902439,81.4926829268293
"Life expectancy at birth, total (years)",SP.DYN.LE00.IN,Belize,BLZ,70.744,69.887,68.564,69.376,72.272,72.651,73.245,73.666,73.311,73.187,73.399,73.562
"Life expectancy at birth, total (years)",SP.DYN.LE00.IN,Benin,BEN,53.292,55.295,56.578,57.125,58.363,58.462,58.716,58.965,59.125,59.377,59.539,59.856
"Life expectancy at birth, total (years)",SP.DYN.LE00.IN,Bermuda,BMU,..,..,77.8853658536585,78.6853658536586,79.2885365853658,81.1526829268293,81.6778048780488,80.5724390243902,80.7973170731707,81.0121951219512,81.2270731707317,81.4419512195122
"Life expectancy at birth, total (years)",SP.DYN.LE00.IN,Bhutan,BTN,55.968,59.516,62.01,65.805,68.43,68.881,69.326,69.707,70.049,70.343,70.602,70.847
"Life expectancy at birth, total (years)",SP.DYN.LE00.IN,Bolivia,BOL,56.422,59.534,62.346,64.386,66.162,66.534,66.705,67.021,67.163,67.318,67.628,67.701
"Life expectancy at birth, total (years)",SP.DYN.LE00.IN,Bosnia and Herzegovina,BIH,72.349,70.284,74.496,75.42,77.073,77.007,77.191,76.33,75.659,76.182,76.808,76.935
"Life expectancy at birth, total (years)",SP.DYN.LE00.IN,Botswana,BWA,60.533,55.059,51.011,52.61,60.013,60.53,60.8,61.996,62.608,63.818,65.464,66.753
"Life expectancy at birth, total (years)",SP.DYN.LE00.IN,Brazil,BRA,65.985,67.919,69.737,71.753,73.182,73.343,73.552,73.918,74.306,74.332,74.442,74.827
"Life expectancy at birth, total (years)",SP.DYN.LE00.IN,British Virgin Islands,VGB,73.927,74.24,73.966,74.723,75.428,75.486,75.532,75.574,75.612,75.675,75.724,74.785
"Life expectancy at birth, total (years)",SP.DYN.LE00.IN,Brunei Darussalam,BRN,71.656,72.816,74.08,74.731,74.849,74.858,74.827,74.799,74.779,74.75,74.733,74.722
"Life expectancy at birth, total (years)",SP.DYN.LE00.IN,Bulgaria,BGR,71.6414634146342,71.0534146341463,71.6634146341463,72.5609756097561,73.5121951219512,74.1634146341463,74.3146341463415,74.8609756097561,74.4658536585366,74.6146341463415,74.8121951219512,74.8146341463415
"Life expectancy at birth, total (years)",SP.DYN.LE00.IN,Burkina Faso,BFA,49.44,49.446,50.847,53.092,56.477,57.125,57.619,57.823,58.359,58.845,59.326,59.536
"Life expectancy at birth, total (years)",SP.DYN.LE00.IN,Burundi,BDI,44.86,44.059,47.514,53.023,57.081,57.769,58.493,59.235,59.868,60.217,60.793,61.553
"Life expectancy at birth, total (years)",SP.DYN.LE00.IN,Cabo Verde,CPV,65.023,64.093,68.618,72.68,73.499,74.257,74.484,75.059,75.24,74.62,75.742,76.593
"Life expectancy at birth, total (years)",SP.DYN.LE00.IN,Cambodia,KHM,55.434,56.308,58.625,64.293,67.712,68.416,68.915,69.304,69.736,69.873,70.224,70.515
"Life expectancy at birth, total (years)",SP.DYN.LE00.IN,Cameroon,CMR,54.868,53.222,52.932,54.362,56.582,57.133,57.792,58.476,58.935,59.658,60.233,60.81
"Life expectancy at birth, total (years)",SP.DYN.LE00.IN,Canada,CAN,77.4219512195122,78.0292682926829,79.1365853658537,80.1926829268293,81.2463414634146,81.4487804878049,81.6487804878049,81.7487804878049,81.8,81.9,81.9,81.9
"Life expectancy at birth, total (years)",SP.DYN.LE00.IN,Cayman Islands,CYM,..,..,..,..,82.190243902439,..,..,..,..,..,..,..
"Life expectancy at birth, total (years)",SP.DYN.LE00.IN,Central African Republic,CAF,49.635,47.35,45.406,46.433,49.255,49.948,50.686,50.902,50.566,52.793,53.46,53.721
"Life expectancy at birth, total (years)",SP.DYN.LE00.IN,Chad,TCD,44.686,46.711,47.443,48.312,49.584,50.009,50.54,50.781,51.202,51.589,52.083,52.308
"Life expectancy at birth, total (years)",SP.DYN.LE00.IN,Channel Islands,CHI,77.185,77.749,79.155,80.344,81.12,81.726,81.339,81.516,81.884,81.433,81.366,81.331
"Life expectancy at birth, total (years)",SP.DYN.LE00.IN,Chile,CHL,72.574,74.609,76.87,78.016,78.501,79.11,79.023,79.339,79.473,79.746,80.079,80.35
"Life expectancy at birth, total (years)",SP.DYN.LE00.IN,China,CHN,68.005,70.008,71.881,74.111,75.599,75.903,76.192,76.452,76.717,76.977,77.218,77.248
"Life expectancy at birth, total (years)",SP.DYN.LE00.IN,Colombia,COL,68.644,69.933,71.32,73.081,75.033,75.32,75.597,75.827,76.043,76.257,76.471,76.646
"Life expectancy at birth, total (years)",SP.DYN.LE00.IN,Comoros,COM,55.84,58.015,58.757,59.604,61.123,61.503,61.834,62.224,62.516,62.896,63.237,63.625
"Life expectancy at birth, total (years)",SP.DYN.LE00.IN,"Congo, Dem. Rep.",COD,48.601,50.411,51.781,53.927,56.417,57.069,57.248,57.762,58.296,58.49,59.066,59.411
"Life expectancy at birth, total (years)",SP.DYN.LE00.IN,"Congo, Rep.",COG,55.926,53.644,53.682,58.126,61.683,61.992,62.317,62.695,62.95,63.233,63.577,63.76
"Life expectancy at birth, total (years)",SP.DYN.LE00.IN,Costa Rica,CRI,76.63,76.552,77.586,78.505,78.67,79.348,79.283,79.403,78.774,79.086,79.459,79.377
"Life expectancy at birth, total (years)",SP.DYN.LE00.IN,Cote d'Ivoire,CIV,52.603,51.61,50.842,51.824,55.023,55.52,56.158,56.748,57.208,57.762,58.06,58.48
"Life expectancy at birth, total (years)",SP.DYN.LE00.IN,Croatia,HRV,72.1704878048781,72.0843902439024,72.8078048780488,75.2446341463415,76.4756097560976,76.7756097560976,76.9243902439024,77.1268292682927,77.4780487804878,77.2756097560976,78.0219512195122,77.8268292682927
"Life expectancy at birth, total (years)",SP.DYN.LE00.IN,Cuba,CUB,74.039,74.623,76.183,77.047,77.661,77.76,77.833,77.87,77.853,77.772,77.643,77.529
"Life expectancy at birth, total (years)",SP.DYN.LE00.IN,Curacao,CUW,..,..,..,..,..,77.4731707317073,77.5243902439024,77.8268292682927,77.9756097560976,78.0756097560976,77.719512195122,78.0170731707317
"Life expectancy at birth, total (years)",SP.DYN.LE00.IN,Cyprus,CYP,73.539,75.133,76.568,78.101,79.665,79.999,80.109,80.402,80.771,80.966,81.056,81.328
"Life expectancy at birth, total (years)",SP.DYN.LE00.IN,Czechia,CZE,71.3839024390244,73.0748780487805,74.9682926829268,75.9243902439025,77.4243902439025,77.8731707317073,78.0756097560976,78.1756097560976,78.8243902439024,78.5780487804878,79.0268292682927,78.9780487804878
"Life expectancy at birth, total (years)",SP.DYN.LE00.IN,Denmark,DNK,74.8053658536585,75.2126829268293,76.5926829268293,77.8439024390244,79.1,79.8,80.0512195121951,80.3,80.7,80.7024390243902,80.8536585365854,81.1024390243903
"Life expectancy at birth, total (years)",SP.DYN.LE00.IN,Djibouti,DJI,55.498,56.302,56.573,58.316,60.259,60.433,60.848,61.221,61.641,61.957,62.191,62.797
"Life expectancy at birth, total (years)",SP.DYN.LE00.IN,Dominica,DMA,..,..,..,..,..,..,..,..,..,..,..,..
"Life expectancy at birth, total (years)",SP.DYN.LE00.IN,Dominican Republic,DOM,67.11,68.988,69.423,70.875,72.093,72.221,72.514,72.713,72.867,72.953,72.987,73.063
"Life expectancy at birth, total (years)",SP.DYN.LE00.IN,Ecuador,ECU,69.348,71.041,72.839,74.514,75.43,75.743,76.062,76.369,76.622,76.789,76.763,76.972
"Life expectancy at birth, total (years)",SP.DYN.LE00.IN,"Egypt, Arab Rep.",EGY,64.146,66.312,68.007,68.779,69.664,69.88,70.085,70.052,70.415,70.483,70.844,71.302
"Life expectancy at birth, total (years)",SP.DYN.LE00.IN,El Salvador,SLV,62.55,66.33,69.865,70.44,71.848,71.859,71.831,71.771,71.746,71.814,72.025,72.311
"Life expectancy at birth, total (years)",SP.DYN.LE00.IN,Equatorial Guinea,GNQ,50.86,51.592,53.226,55.464,57.878,58.412,58.865,59.224,59.595,60.103,60.479,60.821
"Life expectancy at birth, total (years)",SP.DYN.LE00.IN,Eritrea,ERI,49.769,54.914,56.111,60.597,63.787,64.402,64.838,65.067,65.6,66.033,66.289,66.577
"Life expectancy at birth, total (years)",SP.DYN.LE00.IN,Estonia,EST,69.4756097560976,67.5439024390244,70.4170731707317,72.5682926829268,75.4292682926829,76.2292682926829,76.3268292682927,77.1414634146341,77.0341463414634,77.590243902439,77.6414634146342,78.0926829268293
"Life expectancy at birth, total (years)",SP.DYN.LE00.IN,Eswatini,SWZ,63.072,56.148,47.256,42.125,46.619,48.195,49.835,51.486,53.05,55.019,56.659,57.895
"Life expectancy at birth, total (years)",SP.DYN.LE00.IN,Ethiopia,ETH,44.557,48.302,50.538,54.008,59.73,60.721,61.543,62.373,62.905,63.649,64.392,64.838
"Life expectancy at birth, total (years)",SP.DYN.LE00.IN,Faroe Islands,FRO,76.1146341463415,77.3658536585366,78.4365853658537,79.290243902439,80.6878048780488,80.9390243902439,81.190243902439,81.4414634146341,81.5926829268293,81.7926829268293,82.0926829268293,82.2926829268293
"Life expectancy at birth, total (years)",SP.DYN.LE00.IN,Fiji,FJI,65.508,66.286,66.31,66.632,67.328,67.523,67.552,67.428,67.376,66.844,67.24,67.79
"Life expectancy at birth, total (years)",SP.DYN.LE00.IN,Finland,FIN,74.8131707317073,76.409512195122,77.4658536585366,78.8170731707317,79.8707317073171,80.4707317073171,80.6268292682927,80.9756097560976,81.1804878048781,81.4804878048781,81.4292682926829,81.6317073170732
"Life expectancy at birth, total (years)",SP.DYN.LE00.IN,France,FRA,76.6,77.7512195121951,79.0560975609756,80.1634146341463,81.6634146341463,82.1146341463415,81.9682926829268,82.219512195122,82.719512195122,82.3219512195122,82.5731707317073,82.5756097560976
"Life expectancy at birth, total (years)",SP.DYN.LE00.IN,French Polynesia,PYF,73.983,76.008,79.536,79.736,81.039,81.429,81.759,82.017,82.214,82.354,82.488,82.618
"Life expectancy at birth, total (years)",SP.DYN.LE00.IN,Gabon,GAB,60.311,60.704,61.069,61.959,63.898,64.045,64.587,64.776,64.974,65.46,65.802,66.189
"Life expectancy at birth, total (years)",SP.DYN.LE00.IN,"Gambia, The",GMB,51.319,55.464,56.942,58.394,60.717,61.526,62.096,62.114,62.269,62.494,63.013,62.995
"Life expectancy at birth, total (years)",SP.DYN.LE00.IN,Georgia,GEO,68.389,68.851,69.575,71.13,72.128,72.39,72.412,72.628,73.099,73.297,73.569,73.57
"Life expectancy at birth, total (years)",SP.DYN.LE00.IN,Germany,DEU,75.0856341463415,76.4219512195122,77.9268292682927,78.9317073170732,79.9878048780488,80.4365853658537,80.5390243902439,80.490243902439,81.090243902439,80.6414634146341,80.990243902439,80.9926829268293
"Life expectancy at birth, total (years)",SP.DYN.LE00.IN,Ghana,GHA,55.62,56.565,58.195,59.76,61.157,61.652,62.081,62.42,63.045,63.175,63.89,64.013
"Life expectancy at birth, total (years)",SP.DYN.LE00.IN,Gibraltar,GIB,77.072,76.556,81.37,81.442,80.958,81.871,83.366,80.55,81.882,80.427,81.702,81.83
"Life expectancy at birth, total (years)",SP.DYN.LE00.IN,Greece,GRC,76.9390243902439,77.5853658536585,77.8878048780488,79.2390243902439,80.3878048780488,80.7317073170732,80.6341463414634,81.2853658536585,81.3853658536585,81.0365853658537,81.3878048780488,81.2878048780488
"Life expectancy at birth, total (years)",SP.DYN.LE00.IN,Greenland,GRL,65.0682926829268,65.6441463414634,66.2224390243903,68.4273170731707,70.2919512195122,69.8541463414634,70.55,71.5734146341464,71.9856097560976,71.9773170731707,71.8251219512195,71.579756097561
"Life expectancy at birth, total (years)",SP.DYN.LE00.IN,Grenada,GRD,70.683,72.109,72.783,73.521,74.999,75.295,75.042,75.116,74.985,75.013,74.762,74.765
"Life expectancy at birth, total (years)",SP.DYN.LE00.IN,Guam,GUM,72.473,73.29,74.417,77.182,76.879,76.872,76.707,76.72,76.749,76.616,76.877,77.155
"Life expectancy at birth, total (years)",SP.DYN.LE00.IN,Guatemala,GTM,62.473,64.195,67.446,69.168,70.878,71.177,71.463,71.728,71.964,72.103,72.355,72.551
"Life expectancy at birth, total (years)",SP.DYN.LE00.IN,Guinea,GIN,47.004,49.866,52.479,54.632,56.72,57.019,57.406,57.791,57.886,58.134,58.763,59.109
"Life expectancy at birth, total (years)",SP.DYN.LE00.IN,Guinea-Bissau,GNB,47.084,48.952,50.121,52.249,56.23,56.967,57.69,58.232,58.61,59.128,59.674,60.066
"Life expectancy at birth, total (years)",SP.DYN.LE00.IN,Guyana,GUY,62.415,63.136,64.483,65.132,66.743,66.982,67.23,67.473,67.882,68.201,68.384,68.667
"Life expectancy at birth, total (years)",SP.DYN.LE00.IN,Haiti,HTI,52.975,55.547,58.365,60.415,46.019,61.623,62.291,62.605,62.987,63.237,63.392,63.854
"Life expectancy at birth, total (years)",SP.DYN.LE00.IN,Honduras,HND,65.243,67.139,68.662,70.104,71.088,71.439,71.734,71.963,72.259,72.487,72.588,72.692
"Life expectancy at birth, total (years)",SP.DYN.LE00.IN,"Hong Kong SAR, China",HKG,77.3804878048781,78.6829268292683,80.8780487804878,81.6292682926829,82.9780487804878,83.4219512195122,83.4804878048781,83.8317073170732,83.9804878048781,84.2780487804878,84.2268292682927,84.6804878048781
"Life expectancy at birth, total (years)",SP.DYN.LE00.IN,Hungary,HUN,69.3156097560976,69.7917073170732,71.2463414634146,72.6487804878049,74.2073170731707,74.8585365853659,75.0634146341463,75.5658536585366,75.7634146341463,75.5682926829269,76.0634146341464,75.8170731707317
"Life expectancy at birth, total (years)",SP.DYN.LE00.IN,Iceland,ISL,78.0363414634146,77.9843902439024,79.6536585365854,81.5024390243902,81.8975609756097,82.3585365853659,82.9170731707317,82.0609756097561,82.8609756097561,82.4682926829268,82.2048780487805,82.6609756097561
"Life expectancy at birth, total (years)",SP.DYN.LE00.IN,India,IND,58.652,60.596,62.669,64.996,66.909,67.359,67.887,68.46,69.074,69.636,70.117,70.467
"Life expectancy at birth, total (years)",SP.DYN.LE00.IN,Indonesia,IDN,63.181,65.237,66.433,67.649,68.679,68.823,68.973,69.264,69.533,69.699,69.798,69.936
"Life expectancy at birth, total (years)",SP.DYN.LE00.IN,"Iran, Islamic Rep.",IRN,64.367,67.785,69.691,71.838,73.069,73.679,74.186,74.449,74.782,75.124,75.6,75.971
"Life expectancy at birth, total (years)",SP.DYN.LE00.IN,Iraq,IRQ,58.435,66.464,66.817,64.844,67.062,67.659,68.023,68.253,68.914,69.44,68.988,70.413
"Life expectancy at birth, total (years)",SP.DYN.LE00.IN,Ireland,IRL,74.8460731707317,75.4698048780488,76.5365853658537,78.9439024390244,80.7439024390244,80.7463414634146,80.8463414634146,80.9487804878049,81.3487804878049,81.4536585365854,81.6536585365854,82.1560975609756
"Life expectancy at birth, total (years)",SP.DYN.LE00.IN,Isle of Man,IMN,71.959,73.264,74.725,77.623,78.983,79.19,79.337,79.473,80.037,78.905,80.314,80.457
"Life expectancy at birth, total (years)",SP.DYN.LE00.IN,Israel,ISR,76.6073170731707,77.4512195121951,78.9536585365854,80.1512195121951,81.6024390243903,81.6560975609756,81.7048780487805,82.0560975609756,82.1536585365854,82.0512195121951,82.4073170731707,82.5512195121951
"Life expectancy at birth, total (years)",SP.DYN.LE00.IN,Italy,ITA,76.9707317073171,78.1707317073171,79.7780487804878,80.7829268292683,82.0365853658537,82.1878048780488,82.2390243902439,82.690243902439,83.090243902439,82.5439024390244,83.2439024390244,82.9463414634147
"Life expectancy at birth, total (years)",SP.DYN.LE00.IN,Jamaica,JAM,72.304,71.549,70.944,71.044,72.622,73.094,73.433,73.412,72.982,72.394,72.02,71.911
"Life expectancy at birth, total (years)",SP.DYN.LE00.IN,Japan,JPN,78.8368292682927,79.5363414634147,81.0760975609756,81.9251219512195,82.8426829268293,82.5912195121951,83.0960975609756,83.3319512195122,83.5878048780488,83.7939024390244,83.9848780487805,84.099756097561
"Life expectancy at birth, total (years)",SP.DYN.LE00.IN,Jordan,JOR,69.854,70.87,71.918,72.932,74,74.189,74.366,74.562,74.789,75.011,75.215,75.502
"Life expectancy at birth, total (years)",SP.DYN.LE00.IN,Kazakhstan,KAZ,68.3365853658537,63.5,65.45,65.86,68.45,68.69,69.52,70.62,71.44,71.97,72.41,72.95
"Life expectancy at birth, total (years)",SP.DYN.LE00.IN,Kenya,KEN,58.614,55.617,54.411,57.344,60.649,61.046,61.115,61.389,61.816,61.892,62.163,62.481
"Life expectancy at birth, total (years)",SP.DYN.LE00.IN,Kiribati,KIR,60.917,63.014,64.409,64.967,65.016,65.19,65.378,65.588,65.815,66.059,66.332,66.597
"Life expectancy at birth, total (years)",SP.DYN.LE00.IN,"Korea, Dem. People's Rep.",PRK,70.21,60.894,60.763,69.285,70.419,70.978,71.626,72.319,72.942,72.784,72.805,72.978
"Life expectancy at birth, total (years)",SP.DYN.LE00.IN,"Korea, Rep.",KOR,71.5975609756098,73.7,75.909756097561,78.1682926829268,80.1170731707317,80.5682926829269,80.819512195122,81.2707317073171,81.7219512195122,82.0243902439024,82.2756097560976,82.6268292682927
"Life expectancy at birth, total (years)",SP.DYN.LE00.IN,Kosovo,XKX,70.917,72.441,74.072,75.616,77.63,77.74,78.28,78.587,78.88,78.922,78.981,78.783
"Life expectancy at birth, total (years)",SP.DYN.LE00.IN,Kuwait,KWT,73.281,75.537,76.722,76.903,77.982,78.464,78.812,79.164,79.445,79.562,79.701,79.781
"Life expectancy at birth, total (years)",SP.DYN.LE00.IN,Kyrgyz Republic,KGZ,68.2975609756098,65.790243902439,68.5585365853659,67.9560975609756,69.3,69.6024390243903,70.0024390243902,70.2024390243902,70.4024390243902,70.6512195121951,70.9512195121951,71.2
"Life expectancy at birth, total (years)",SP.DYN.LE00.IN,Lao PDR,LAO,53.713,56.385,58.378,60.98,63.973,64.736,65.355,65.718,66.361,66.67,67.167,67.434
"Life expectancy at birth, total (years)",SP.DYN.LE00.IN,Latvia,LVA,69.2731707317073,66.3912195121951,70.3146341463415,71.3560975609756,73.4829268292683,73.5756097560976,73.7780487804878,73.9829268292683,74.1243902439024,74.4804878048781,74.580487804878,74.6292682926829
"Life expectancy at birth, total (years)",SP.DYN.LE00.IN,Lebanon,LBN,64.475,72.043,73.931,76.273,78.156,78.404,78.628,78.765,78.973,79.229,79.505,79.654
"Life expectancy at birth, total (years)",SP.DYN.LE00.IN,Lesotho,LSO,59.398,56.723,48.427,43.233,45.596,46.692,47.835,49.002,50.033,51.101,52.264,53.064
"Life expectancy at birth, total (years)",SP.DYN.LE00.IN,Liberia,LBR,36.688,43.917,51.356,56.912,59.433,59.62,59.913,59.943,59.121,59.148,60.416,60.553
"Life expectancy at birth, total (years)",SP.DYN.LE00.IN,Libya,LBY,69.423,71.09,70.68,71.592,72.374,70.071,72.247,72.34,71.511,71.698,71.756,72.482
"Life expectancy at birth, total (years)",SP.DYN.LE00.IN,Liechtenstein,LIE,..,77.390243902439,76.8268292682927,80.6682926829268,81.8414634146342,81.7926829268293,82.3829268292683,82.2609756097561,82.0731707317073,82.6560975609756,82.2585365853659,83.7463414634147
"Life expectancy at birth, total (years)",SP.DYN.LE00.IN,Lithuania,LTU,71.1607317073171,69.0063414634147,72.0195121951219,71.2536585365854,73.2682926829268,73.5634146341464,73.8634146341464,73.9146341463415,74.5170731707317,74.3219512195122,74.6707317073171,75.4804878048781
"Life expectancy at birth, total (years)",SP.DYN.LE00.IN,Luxembourg,LUX,75.4383170731707,76.5121951219512,77.8731707317073,79.4317073170732,80.6317073170732,80.9878048780488,81.3926829268293,81.8,82.2292682926829,82.2926829268293,82.6853658536585,82.0951219512195
"Life expectancy at birth, total (years)",SP.DYN.LE00.IN,"Macao SAR, China",MAC,77.424,79.349,80.959,82.033,83.109,83.229,83.326,83.727,83.883,83.984,84.231,84.563
"Life expectancy at birth, total (years)",SP.DYN.LE00.IN,Madagascar,MDG,51.701,54.961,57.938,60.57,62.873,63.494,63.544,63.962,64.255,64.339,64.997,65.094
"Life expectancy at birth, total (years)",SP.DYN.LE00.IN,Malawi,MWI,43.323,43.641,44.518,52.044,56.381,57.455,58.679,59.729,60.899,61.378,62.209,62.977
"Life expectancy at birth, total (years)",SP.DYN.LE00.IN,Malaysia,MYS,71.307,72.384,72.775,74.096,74.442,74.746,74.944,75.035,75.146,75.094,75.289,75.476
"Life expectancy at birth, total (years)",SP.DYN.LE00.IN,Maldives,MDV,63.578,67.476,70.876,74.751,77.657,78.124,78.682,79.057,79.424,79.695,79.872,79.943
"Life expectancy at birth, total (years)",SP.DYN.LE00.IN,Mali,MLI,46.62,47.816,50.539,54.003,56.382,56.755,57.079,57.357,57.9,58.363,58.731,59.132
"Life expectancy at birth, total (years)",SP.DYN.LE00.IN,Malta,MLT,75.8799756097561,77.290243902439,78.3487804878049,79.3,81.3975609756098,80.7463414634146,80.7463414634146,81.7463414634146,82.0463414634146,81.8975609756097,82.4536585365854,82.3463414634146
"Life expectancy at birth, total (years)",SP.DYN.LE00.IN,Marshall Islands,MHL,..,..,65.2390243902439,..,..,..,..,..,..,..,..,..
"Life expectancy at birth, total (years)",SP.DYN.LE00.IN,Mauritania,MRT,59.77,60.259,61.028,61.656,63.105,63.346,63.578,63.911,64.155,64.485,64.768,65.083
"Life expectancy at birth, total (years)",SP.DYN.LE00.IN,Mauritius,MUS,69.4048780487805,70.3258536585366,71.6634146341463,72.4321951219512,72.9673170731707,73.2668292682927,73.8634146341464,74.0170731707317,74.1943902439024,74.3531707317073,74.3948780487805,74.5146341463415
"Life expectancy at birth, total (years)",SP.DYN.LE00.IN,Mexico,MEX,69.971,71.646,73.569,74.376,74.19,74.365,74.574,74.739,74.797,74.682,74.412,74.138
"Life expectancy at birth, total (years)",SP.DYN.LE00.IN,"Micronesia, Fed. Sts.",FSM,67.425,68.553,69.769,70.884,71.233,71.318,71.398,71.499,71.529,71.408,71.595,71.467
"Life expectancy at birth, total (years)",SP.DYN.LE00.IN,Moldova,MDA,68.067,65.099,66.417,68.169,69.357,69.192,69.143,69.099,69.031,69.24,69.917,70.516
"Life expectancy at birth, total (years)",SP.DYN.LE00.IN,Monaco,MCO,..,..,..,..,..,..,..,..,..,..,..,..
"Life expectancy at birth, total (years)",SP.DYN.LE00.IN,Mongolia,MNG,58.765,60.612,62.882,64.879,67.182,67.439,68.111,68.585,69.047,69.498,69.865,70.237
"Life expectancy at birth, total (years)",SP.DYN.LE00.IN,Montenegro,MNE,75.5668780487805,74.109,73.8184878048781,73.9829268292683,75.990243902439,75.9829268292683,76.2,76.490243902439,76.4414634146341,76.4487804878049,76.4414634146341,76.4853658536585
"Life expectancy at birth, total (years)",SP.DYN.LE00.IN,Morocco,MAR,62.448,64.736,66.787,68.704,70.829,71.269,71.679,72.122,72.538,72.92,73.284,73.66
"Life expectancy at birth, total (years)",SP.DYN.LE00.IN,Mozambique,MOZ,44.469,46.04,49.491,51.561,54.198,54.869,55.639,56.492,57.274,58.151,59.038,59.771
"Life expectancy at birth, total (years)",SP.DYN.LE00.IN,Myanmar,MMR,56.661,58.259,60.155,61.599,63.329,63.901,64.141,64.815,65.056,65.561,65.685,65.843
"Life expectancy at birth, total (years)",SP.DYN.LE00.IN,Namibia,NAM,62.496,58.634,51.99,51.787,56.015,56.553,57.64,58.694,59.822,60.7,61.682,62.293
"Life expectancy at birth, total (years)",SP.DYN.LE00.IN,Nauru,NRU,..,..,..,..,..,..,..,..,..,..,..,..
"Life expectancy at birth, total (years)",SP.DYN.LE00.IN,Nepal,NPL,54.833,59.318,62.614,65.457,66.814,67.313,67.47,67.965,68.085,67.456,68.776,68.91
"Life expectancy at birth, total (years)",SP.DYN.LE00.IN,Netherlands,NLD,76.8780487804878,77.4046341463415,77.9878048780488,79.3463414634146,80.7024390243902,81.2048780487805,81.1048780487805,81.3048780487805,81.7073170731707,81.509756097561,81.5609756097561,81.7609756097561
"Life expectancy at birth, total (years)",SP.DYN.LE00.IN,New Caledonia,NCL,70.4853658536585,72.009756097561,75.1634146341463,75.7219512195122,77.2804878048781,76.6317073170732,77.0780487804878,77.1780487804878,77.2365853658537,77.2804878048781,76.9317073170732,77.5390243902439
"Life expectancy at birth, total (years)",SP.DYN.LE00.IN,New Zealand,NZL,75.3780487804878,76.7341463414634,78.6365853658537,79.8512195121951,80.7024390243902,80.9048780487805,81.1560975609756,81.4073170731707,81.4048780487805,81.4568292682927,81.6124390243903,81.6585365853659
"Life expectancy at birth, total (years)",SP.DYN.LE00.IN,Nicaragua,NIC,63.096,65.608,67.234,67.936,72.009,72.416,72.615,72.704,72.812,72.983,73.256,73.554
"Life expectancy at birth, total (years)",SP.DYN.LE00.IN,Niger,NER,41.852,45.774,49.322,53.59,58.367,58.994,59.65,60.239,60.786,61.083,61.629,62.16
"Life expectancy at birth, total (years)",SP.DYN.LE00.IN,Nigeria,NGA,46.037,45.487,47.193,49.297,50.945,51.357,51.497,51.707,51.791,51.841,52.043,52.305
"Life expectancy at birth, total (years)",SP.DYN.LE00.IN,North Macedonia,MKD,71.2338048780488,71.8487804878049,72.9463414634147,73.6975609756098,74.9975609756098,75.1,74.9024390243903,75.4,75.4512195121951,75.4024390243902,75.4,75.9536585365854
"Life expectancy at birth, total (years)",SP.DYN.LE00.IN,Northern Mariana Islands,MNP,..,..,..,..,..,..,..,..,..,..,..,..
"Life expectancy at birth, total (years)",SP.DYN.LE00.IN,Norway,NOR,76.5373170731707,77.7365853658537,78.6341463414634,80.0414634146342,80.9975609756098,81.2951219512195,81.4512195121951,81.7512195121951,82.1,82.3048780487805,82.4073170731707,82.609756097561
"Life expectancy at birth, total (years)",SP.DYN.LE00.IN,Oman,OMN,69.782,71.99,73.466,74.396,76.269,76.608,77.061,77.246,77.446,77.687,77.916,77.924
"Life expectancy at birth, total (years)",SP.DYN.LE00.IN,Pakistan,PAK,60.066,59.878,62.102,62.466,64.436,64.648,64.782,65.15,65.284,65.697,65.88,66.297
"Life expectancy at birth, total (years)",SP.DYN.LE00.IN,Palau,PLW,69.0692682926829,71.8446341463415,70.4936585365854,69.1292682926829,..,..,..,..,..,..,..,..
"Life expectancy at birth, total (years)",SP.DYN.LE00.IN,Panama,PAN,71.097,72.385,74.001,75.829,76.448,76.627,76.819,77.038,77.248,77.468,77.653,77.795
"Life expectancy at birth, total (years)",SP.DYN.LE00.IN,Papua New Guinea,PNG,59.721,61.049,61.72,61.801,63.039,63.526,63.733,63.961,64.259,64.701,64.84,65.103
"Life expectancy at birth, total (years)",SP.DYN.LE00.IN,Paraguay,PRY,67.944,69.009,69.75,70.527,71.887,72.131,72.454,72.757,72.878,73.191,73.534,73.644
"Life expectancy at birth, total (years)",SP.DYN.LE00.IN,Peru,PER,65.106,67.644,70.424,72.986,73.711,74.133,74.544,74.967,75.333,75.621,75.789,75.879
"Life expectancy at birth, total (years)",SP.DYN.LE00.IN,Philippines,PHL,65.909,68.223,69.413,70.24,70.754,70.788,70.881,70.835,71.151,71.268,71.387,71.516
"Life expectancy at birth, total (years)",SP.DYN.LE00.IN,Poland,POL,70.890243902439,71.8926829268293,73.7487804878049,74.9951219512195,76.2463414634146,76.6951219512195,76.7463414634146,77,77.6024390243903,77.4512195121951,77.8512195121951,77.7536585365854
"Life expectancy at birth, total (years)",SP.DYN.LE00.IN,Portugal,PRT,73.9658536585366,75.3121951219512,76.3146341463415,78.0707317073171,79.0268292682927,80.4707317073171,80.3731707317073,80.7219512195122,81.1219512195122,81.1243902439025,81.1243902439025,81.4243902439025
"Life expectancy at birth, total (years)",SP.DYN.LE00.IN,Puerto Rico,PRI,73.89,74.364,75.977,77.237,78.01,78.316,78.461,78.777,78.929,79.695,80.27,79.258
"Life expectancy at birth, total (years)",SP.DYN.LE00.IN,Qatar,QAT,73.982,74.25,74.828,76.064,78.425,78.891,79.227,79.536,79.768,80.064,80.433,80.717
"Life expectancy at birth, total (years)",SP.DYN.LE00.IN,Romania,ROU,69.7412195121951,69.4560975609756,71.1634146341463,71.9121951219512,73.4585365853659,74.409756097561,74.4121951219512,75.0634146341463,74.909756097561,74.9121951219512,75.209756097561,75.309756097561
"Life expectancy at birth, total (years)",SP.DYN.LE00.IN,Russian Federation,RUS,68.8860975609756,64.6907317073171,65.4836585365854,65.529756097561,68.8412195121951,69.6839024390244,70.0721951219512,70.5787804878049,70.7436585365854,71.1834146341463,71.6512195121951,72.4514634146342
"Life expectancy at birth, total (years)",SP.DYN.LE00.IN,Rwanda,RWA,48.431,39.969,47.129,57.316,62.54,63.261,64.009,64.426,64.94,65.298,65.737,65.941
"Life expectancy at birth, total (years)",SP.DYN.LE00.IN,Samoa,WSM,67.658,69.298,70.746,71.754,72.249,72.26,72.167,72.391,72.463,72.515,72.54,72.59
"Life expectancy at birth, total (years)",SP.DYN.LE00.IN,San Marino,SMR,..,..,..,..,..,..,..,..,..,..,..,..
"Life expectancy at birth, total (years)",SP.DYN.LE00.IN,Sao Tome and Principe,STP,61.471,61.056,61.655,63.709,65.249,64.902,65.746,66.328,66.845,67.249,67.492,68.267
"Life expectancy at birth, total (years)",SP.DYN.LE00.IN,Saudi Arabia,SAU,68.948,71.011,72.467,74.588,75.763,76.234,76.461,76.626,76.757,76.918,77.064,77.16
"Life expectancy at birth, total (years)",SP.DYN.LE00.IN,Senegal,SEN,56.948,56.839,56.943,60.915,64.615,65.262,65.457,66.072,66.452,66.879,67.497,67.75
"Life expectancy at birth, total (years)",SP.DYN.LE00.IN,Serbia,SRB,..,..,71.5829268292683,72.8341463414634,74.3365853658537,74.5365853658537,74.8365853658537,75.1853658536585,75.3365853658537,75.2878048780488,75.6878048780488,75.5390243902439
"Life expectancy at birth, total (years)",SP.DYN.LE00.IN,Seychelles,SYC,68.1073170731707,72.4829268292683,72.7780487804878,72.1317073170732,73.1975609756098,72.7243902439024,74.2756097560976,73.119512195122,73.2292682926829,74.2951219512195,74.309756097561,74.3
"Life expectancy at birth, total (years)",SP.DYN.LE00.IN,Sierra Leone,SLE,44.057,42.716,45.05,48.237,53.693,54.62,55.451,56.313,56.393,57.189,58.404,58.652
"Life expectancy at birth, total (years)",SP.DYN.LE00.IN,Singapore,SGP,75.2951219512195,76.2951219512195,77.9512195121951,79.990243902439,81.5414634146342,81.7439024390244,81.9951219512195,82.2463414634147,82.4951219512195,82.7439024390244,82.8463414634146,83.0951219512195
"Life expectancy at birth, total (years)",SP.DYN.LE00.IN,Sint Maarten (Dutch part),SXM,..,..,..,..,..,..,73.0536585365854,..,77.0682926829268,77.219512195122,78.2926829268293,..
"Life expectancy at birth, total (years)",SP.DYN.LE00.IN,Slovak Republic,SVK,70.9326829268293,72.2536585365854,73.0512195121951,73.9048780487805,75.1121951219512,75.9585365853659,76.109756097561,76.4121951219512,76.8121951219512,76.5634146341463,77.1658536585366,77.1658536585366
"Life expectancy at birth, total (years)",SP.DYN.LE00.IN,Slovenia,SVN,73.2048780487805,73.9585365853659,75.4121951219512,77.6121951219512,79.4219512195122,79.9707317073171,80.1243902439024,80.3219512195122,81.0780487804878,80.7756097560976,81.1756097560976,81.0292682926829
"Life expectancy at birth, total (years)",SP.DYN.LE00.IN,Solomon Islands,SLB,65.392,66.381,67.225,67.936,68.732,68.908,69.084,69.188,69.234,69.583,69.801,69.988
"Life expectancy at birth, total (years)",SP.DYN.LE00.IN,Somalia,SOM,47.105,50.6,50.66,50.661,50.563,51.304,53.161,53.843,54.277,54.857,55.044,55.654
"Life expectancy at birth, total (years)",SP.DYN.LE00.IN,South Africa,ZAF,63.375,62.262,58.47,53.98,58.899,60.651,61.846,62.533,63.38,63.95,64.747,65.402
"Life expectancy at birth, total (years)",SP.DYN.LE00.IN,South Sudan,SSD,29.935,30.948,46.028,51.545,54.812,54.94,55.865,55.751,54.973,55.566,55.544,55.309
"Life expectancy at birth, total (years)",SP.DYN.LE00.IN,Spain,ESP,76.8375609756098,77.9807317073171,78.9658536585366,80.1707317073171,81.6268292682927,82.4756097560976,82.4268292682927,83.0780487804878,83.2292682926829,82.8317073170732,83.3292682926829,83.2829268292683
"Life expectancy at birth, total (years)",SP.DYN.LE00.IN,Sri Lanka,LKA,71.927,72.26,70.355,72.118,73.215,73.38,73.906,74.239,74.651,74.927,75.331,75.403
"Life expectancy at birth, total (years)",SP.DYN.LE00.IN,St. Kitts and Nevis,KNA,..,..,..,..,..,..,..,..,..,..,..,..
"Life expectancy at birth, total (years)",SP.DYN.LE00.IN,St. Lucia,LCA,70.326,71.002,70.768,72.245,72.72,72.944,72.882,72.735,72.864,73.138,73.112,73.127
"Life expectancy at birth, total (years)",SP.DYN.LE00.IN,St. Martin (French part),MAF,74.463,75.821,76.663,77.555,78.406,78.827,79.022,78.908,79.966,79.309,79.475,78.59
"Life expectancy at birth, total (years)",SP.DYN.LE00.IN,St. Vincent and the Grenadines,VCT,72.38,72.097,71.377,73.516,74.718,74.596,74.146,73.798,74.473,74.407,74.28,74.305
"Life expectancy at birth, total (years)",SP.DYN.LE00.IN,Sudan,SDN,49.732,51.991,58.319,57.279,63.016,63.246,63.792,63.678,64.269,64.659,64.78,65.445
"Life expectancy at birth, total (years)",SP.DYN.LE00.IN,Suriname,SUR,64.23,65.337,65.508,67.002,69.894,69.914,69.764,69.682,69.782,70.8,71.592,72.417
"Life expectancy at birth, total (years)",SP.DYN.LE00.IN,Sweden,SWE,77.5368292682927,78.7404878048781,79.6439024390244,80.5463414634146,81.4512195121951,81.8024390243903,81.7048780487805,81.9560975609756,82.2536585365854,82.2048780487805,82.3073170731707,82.409756097561
"Life expectancy at birth, total (years)",SP.DYN.LE00.IN,Switzerland,CHE,77.2424390243902,78.4170731707317,79.6804878048781,81.2365853658537,82.2463414634147,82.6951219512195,82.6975609756098,82.7975609756098,83.1975609756098,82.8975609756098,83.6024390243903,83.5512195121951
"Life expectancy at birth, total (years)",SP.DYN.LE00.IN,Syrian Arab Republic,SYR,69.817,70.416,70.764,72.769,73.881,73.305,66.769,63.827,63.153,65.124,65.993,68.481
"Life expectancy at birth, total (years)",SP.DYN.LE00.IN,Tajikistan,TJK,61.879,59.338,63.26,66.514,67.742,68.148,68.484,68.885,69.069,69.306,69.549,69.905
"Life expectancy at birth, total (years)",SP.DYN.LE00.IN,Tanzania,TZA,51.485,50.786,52.362,56.299,60.105,61.049,62.03,62.96,63.873,64.651,65.386,65.999
"Life expectancy at birth, total (years)",SP.DYN.LE00.IN,Thailand,THA,70.445,70.948,72.316,73.82,76.131,76.421,76.772,77.083,77.415,77.717,78.049,78.394
"Life expectancy at birth, total (years)",SP.DYN.LE00.IN,Timor-Leste,TLS,44.953,48.024,58.568,62.328,65.304,65.697,66.081,66.44,66.787,67.137,67.446,67.745
"Life expectancy at birth, total (years)",SP.DYN.LE00.IN,Togo,TGO,54.37,54.037,54.742,55.962,57.304,57.925,58.073,58.684,58.853,59.396,59.55,60.154
"Life expectancy at birth, total (years)",SP.DYN.LE00.IN,Tonga,TON,67.294,68.17,68.978,69.768,70.323,70.381,70.442,70.505,70.54,70.607,70.661,70.713
"Life expectancy at birth, total (years)",SP.DYN.LE00.IN,Trinidad and Tobago,TTO,68.272,69.17,69.102,71.308,72.725,73.278,73.716,73.962,74.215,74.503,74.281,74.23
"Life expectancy at birth, total (years)",SP.DYN.LE00.IN,Tunisia,TUN,70.11,71.988,73.69,74.764,75.421,75.46,75.55,75.65,75.65,75.692,75.786,75.845
"Life expectancy at birth, total (years)",SP.DYN.LE00.IN,Turkiye,TUR,67.709,69.609,71.861,73.534,75.069,74.941,75.678,76.297,76.565,76.646,76.66,77.141
"Life expectancy at birth, total (years)",SP.DYN.LE00.IN,Turkmenistan,TKM,63.939,63.684,65.026,66.068,68.293,68.567,68.722,68.74,68.614,68.782,68.777,68.916
"Life expectancy at birth, total (years)",SP.DYN.LE00.IN,Turks and Caicos Islands,TCA,69.001,68.308,73.575,77.148,76.243,76.195,77.037,77.018,77.135,76.912,76.864,76.702
"Life expectancy at birth, total (years)",SP.DYN.LE00.IN,Tuvalu,TUV,61.661,63.098,63.499,63.836,63.978,63.974,63.964,64.008,64.025,64.06,64.108,64.148
"Life expectancy at birth, total (years)",SP.DYN.LE00.IN,Uganda,UGA,46.443,46.567,48.342,52.976,57.055,57.965,58.817,59.763,60.408,61.086,61.648,62.115
"Life expectancy at birth, total (years)",SP.DYN.LE00.IN,Ukraine,UKR,70.0975609756098,66.7419512195122,67.6756097560976,67.9568292682927,70.2653658536586,70.8092682926829,70.9441463414634,71.159512195122,71.1865853658537,71.189512195122,71.4763414634146,71.7809756097561
"Life expectancy at birth, total (years)",SP.DYN.LE00.IN,United Arab Emirates,ARE,71.9,72.695,74.38,76.683,78.334,78.517,78.716,78.853,79.044,79.223,79.335,79.504
"Life expectancy at birth, total (years)",SP.DYN.LE00.IN,United Kingdom,GBR,75.8804878048781,76.8365853658537,77.7414634146342,79.0487804878049,80.4024390243902,80.9512195121951,80.9048780487805,81.0048780487805,81.3048780487805,80.9560975609756,81.1560975609756,81.2560975609756
"Life expectancy at birth, total (years)",SP.DYN.LE00.IN,United States,USA,75.2146341463415,75.6219512195122,76.6365853658537,77.4878048780488,78.5414634146342,78.6414634146341,78.7414634146342,78.7414634146342,78.8414634146341,78.690243902439,78.5390243902439,78.5390243902439
"Life expectancy at birth, total (years)",SP.DYN.LE00.IN,Uruguay,URY,73.162,73.896,75.025,76.194,76.858,76.983,77.111,77.24,77.366,77.483,77.571,77.625
"Life expectancy at birth, total (years)",SP.DYN.LE00.IN,Uzbekistan,UZB,65.346,64.646,65.724,67.49,69.235,69.649,69.874,69.99,70.234,70.475,70.755,71.01
"Life expectancy at birth, total (years)",SP.DYN.LE00.IN,Vanuatu,VUT,66.675,67.885,68.966,69.39,69.617,69.551,69.497,69.534,69.465,69.513,69.65,69.71
"Life expectancy at birth, total (years)",SP.DYN.LE00.IN,"Venezuela, RB",VEN,71.532,72.143,72.478,72.782,72.89,72.913,73.036,73.196,72.853,73.006,72.058,71.943
"Life expectancy at birth, total (years)",SP.DYN.LE00.IN,Vietnam,VNM,69.213,71.384,72.462,73.271,73.513,73.692,73.704,73.775,73.855,73.876,73.938,73.963
"Life expectancy at birth, total (years)",SP.DYN.LE00.IN,Virgin Islands (U.S.),VIR,71.2504634146341,72.0099756097561,76.619512195122,77.4219512195122,77.8658536585366,78.3170731707317,78.5170731707317,78.7170731707317,78.8682926829268,79.0170731707317,79.1682926829268,79.3682926829268
"Life expectancy at birth, total (years)",SP.DYN.LE00.IN,West Bank and Gaza,PSE,67.934,69.662,70.388,72.067,73.004,73.243,73.466,74.029,72.622,74.406,74.554,74.833
"Life expectancy at birth, total (years)",SP.DYN.LE00.IN,"Yemen, Rep.",YEM,58.699,60.453,62.588,65.543,67.28,67.419,67.343,67.545,67.384,65.873,66.064,65.957
"Life expectancy at birth, total (years)",SP.DYN.LE00.IN,Zambia,ZMB,47.926,45.553,45.231,50.659,56.799,57.771,58.867,59.878,60.699,61.208,61.794,62.12
"Life expectancy at birth, total (years)",SP.DYN.LE00.IN,Zimbabwe,ZWE,59.426,50.531,44.686,44.768,50.652,53.347,55.626,57.458,58.846,59.591,60.306,60.709
"Life expectancy at birth, total (years)",SP.DYN.LE00.IN,Africa Eastern and Southern,AFE,50.6077275337211,51.0019252899341,51.9644813247726,54.2196508058581,58.4111497501441,59.2932713889337,60.0507802468673,60.709863140516,61.337911447657,61.8564524336049,62.4440448894169,62.9223846035263
"Life expectancy at birth, total (years)",SP.DYN.LE00.IN,Africa Western and Central,AFW,48.6500033905016,48.7837728532269,50.221953875359,52.3445512272646,54.550169165108,55.0131378935872,55.3405609869972,55.673405514134,55.9222289908432,56.1958723463673,56.5816784850503,56.888445830282
"Life expectancy at birth, total (years)",SP.DYN.LE00.IN,Arab World,ARB,62.9279670329527,65.3497833303777,67.2973312552373,68.1626821796793,70.0412535714543,70.2615198130023,70.1804605984523,70.1965137101307,70.4926288711295,70.7582222288211,70.9430622781923,71.4295960025113
"Life expectancy at birth, total (years)",SP.DYN.LE00.IN,Caribbean small states,CSS,69.4554833471453,69.6048129410806,69.5755438666278,70.4579949689513,72.028519789294,72.3905236238737,72.6681296185622,72.7670098838944,72.72436450457,72.660938484734,72.58985680881,72.6556883280453
"Life expectancy at birth, total (years)",SP.DYN.LE00.IN,Central Europe and the Baltics,CEB,70.6563313372586,71.0254214282891,72.719724722779,73.8449951359211,75.2939657786314,75.8884748834282,75.9934886034531,76.3551629869808,76.6756236113045,76.5718777647788,76.9698114171911,76.9474426395729
"Life expectancy at birth, total (years)",SP.DYN.LE00.IN,Early-demographic dividend,EAR,60.8275467680032,62.5673205783796,64.4992570826455,66.1915034839954,67.8661031408664,68.2916591337467,68.6727877940832,69.066326855253,69.4871005754351,69.8742623697907,70.2198833618588,70.5420565547556
"Life expectancy at birth, total (years)",SP.DYN.LE00.IN,East Asia & Pacific,EAS,68.2703840444406,69.9229127170685,71.5526867881704,73.4379270781757,74.7343153672567,74.9712061946878,75.2296634691196,75.4794613147134,75.731536971064,75.9488318410236,76.1381488981134,76.212291215835
"Life expectancy at birth, total (years)",SP.DYN.LE00.IN,East Asia & Pacific (excluding high income),EAP,67.1367306140409,68.915346459883,70.5648943161561,72.5556171344471,73.8764618060214,74.1473253353467,74.3960602356806,74.6450309789606,74.9035481589618,75.1233074764099,75.3221268468603,75.386163388724
"Life expectancy at birth, total (years)",SP.DYN.LE00.IN,East Asia & Pacific (IDA & IBRD countries),TEA,67.0962833408929,69.0213521742586,70.6925907921247,72.5977103193518,73.9203576886284,74.1874127998898,74.4309438082646,74.6742106472553,74.9280799587024,75.152494055672,75.3534590678359,75.4160599170928
"Life expectancy at birth, total (years)",SP.DYN.LE00.IN,Euro area,EMU,75.8674113283207,76.94826725877,78.2708354495098,79.4246150402461,80.7475121757345,81.2340243443867,81.2280947420086,81.5136267906737,81.944915915146,81.5712888246472,81.9563383126483,81.934533072359
"Life expectancy at birth, total (years)",SP.DYN.LE00.IN,Europe & Central Asia,ECS,72.2440733968667,71.7962685434349,73.1320978054721,74.1946292992819,75.9863401298776,76.4585634005608,76.6431998484555,76.9860493522394,77.2964507938799,77.2313232302049,77.5651496181553,77.7786266109075
"Life expectancy at birth, total (years)",SP.DYN.LE00.IN,Europe & Central Asia (excluding high income),ECA,68.5827442448891,66.1953786929925,67.6033710320653,68.3823219019124,70.7670247830119,71.2187153266866,71.6521714741502,72.1046427684846,72.3086392341267,72.5877307625611,72.8986354044628,73.4079161270396
"Life expectancy at birth, total (years)",SP.DYN.LE00.IN,Europe & Central Asia (IDA & IBRD countries),TEC,68.8966618165099,66.9469645448019,68.379542167384,69.2018594416428,71.4178120547347,71.8869177825838,72.2616843844611,72.6995608977633,72.9182205330539,73.1398854461593,73.4575763801701,73.8891983743267
"Life expectancy at birth, total (years)",SP.DYN.LE00.IN,European Union,EUU,74.6973268751305,75.6712437555643,77.0753168840645,78.2714286678124,79.6300337124674,80.1387421492485,80.1576594861261,80.4647937689601,80.8719823965856,80.5684394242096,80.9512974807301,80.9325986173981
"Life expectancy at birth, total (years)",SP.DYN.LE00.IN,Fragile and conflict affected situations,FCS,53.2947098731796,53.9956541998426,55.503343302546,57.0517009642333,59.3052898357327,59.9640522553333,60.1643705254942,60.4637796991231,60.7077162927186,61.0120470695535,61.28976699597,61.6542512200114
"Life expectancy at birth, total (years)",SP.DYN.LE00.IN,Heavily indebted poor countries (HIPC),HPC,49.2102059169223,50.6678357081371,52.6617541209546,55.4083228176931,58.577688567925,59.4752203982531,60.0780176229233,60.6445607537013,61.1470730930553,61.6125477293904,62.1619619402239,62.5497604688077
"Life expectancy at birth, total (years)",SP.DYN.LE00.IN,High income,HIC,75.271112852696,76.1291880994439,77.4593700108977,78.5802188012294,79.7666699670993,80.0393318803972,80.1592197362658,80.3522867047258,80.607740649221,80.4941490273611,80.6498124448056,80.6916378375099
"Life expectancy at birth, total (years)",SP.DYN.LE00.IN,IBRD only,IBD,65.2180320061703,66.6488107482089,68.2515617075367,69.9336002851698,71.4605265444788,71.8025089461296,72.1502763758755,72.5004372780455,72.8582498176664,73.1587659186947,73.4271860837038,73.6491751204839
"Life expectancy at birth, total (years)",SP.DYN.LE00.IN,IDA & IBRD total,IBT,62.8480110365265,64.0679149054854,65.7044829296268,67.321582149073,68.9002213996155,69.2693099952233,69.5855340950091,69.9111330297946,70.2371909395979,70.5246983083034,70.8064958177654,71.0440381580209
"Life expectancy at birth, total (years)",SP.DYN.LE00.IN,IDA blend,IDB,55.3545786123363,54.4498669088334,55.7768836984665,57.0607811156784,59.0771611886403,59.4603141541504,59.6510589081516,59.9584093204181,60.1266612653261,60.359095556174,60.5623624016856,60.8762641732765
"Life expectancy at birth, total (years)",SP.DYN.LE00.IN,IDA only,IDX,52.0613388547137,53.9016078367417,56.7187074630111,59.0785813560259,61.5710919512348,62.230025346924,62.6070401123863,62.9568637131187,63.3436056812778,63.7302292038573,64.2504890203831,64.6624471996816
"Life expectancy at birth, total (years)",SP.DYN.LE00.IN,IDA total,IDA,53.1657081111415,54.0859327445214,56.3996532471238,58.394810588252,60.7235020627334,61.2880049861183,61.6020657561405,61.9380291366648,62.2514652548852,62.5875892742434,63.003625202242,63.385653426184
"Life expectancy at birth, total (years)",SP.DYN.LE00.IN,Late-demographic dividend,LTE,68.2455161191067,69.4002535126495,71.0786748491683,73.0314780242272,74.6153739804093,74.9493923561894,75.226664263909,75.5213317066979,75.7908654534707,76.0131449870926,76.2581617138085,76.4003640305615
"Life expectancy at birth, total (years)",SP.DYN.LE00.IN,Latin America & Caribbean,LCN,67.8223828668664,69.5173347478399,71.2277140455716,72.7144313638938,73.3859267325602,73.8721676033106,74.0978531145143,74.3472944102357,74.551521677167,74.6129454814571,74.5800541435534,74.734493753292
"Life expectancy at birth, total (years)",SP.DYN.LE00.IN,Latin America & Caribbean (excluding high income),LAC,67.3523086065451,69.1180976376956,70.8958518193468,72.4617479009951,73.1708311791752,73.6854941781702,73.9288549601651,74.182560407855,74.4202335743916,74.4645177378967,74.4641124497848,74.6357134745378
"Life expectancy at birth, total (years)",SP.DYN.LE00.IN,Latin America & the Caribbean (IDA & IBRD countries),TLA,67.6103081422698,69.3548404596955,71.0788476175677,72.5894578587502,73.2682815845748,73.7654260061304,73.9961916776076,74.2506528608022,74.4605544337682,74.5221315189348,74.4886847637685,74.6563800397882
"Life expectancy at birth, total (years)",SP.DYN.LE00.IN,Least developed countries: UN classification,LDC,50.7024031175748,52.8058547017889,55.7928018136001,58.3467202621855,60.966303977973,61.6860592480371,62.2606485016611,62.7039466809435,63.1234003576263,63.4957831265039,64.0195864491196,64.4144671749539
"Life expectancy at birth, total (years)",SP.DYN.LE00.IN,Low & middle income,LMY,62.7087403790532,63.8960716117706,65.5359730562992,67.2037361906814,68.7976947560962,69.1666654020837,69.4899126975291,69.8181255353331,70.1484136140942,70.4401346229753,70.7259774145174,70.9679853843642
"Life expectancy at birth, total (years)",SP.DYN.LE00.IN,Low income,LIC,49.5949095896685,50.7003283167707,53.0024900464379,56.214294221253,59.5920032932417,60.1763612703187,60.4536861282155,60.8409799396602,61.2301214498336,61.6184771279014,62.1372542781892,62.5433140778462
"Life expectancy at birth, total (years)",SP.DYN.LE00.IN,Lower middle income,LMC,59.6401856310926,61.0455817470238,62.8981669467706,64.6388900595843,66.2316810895531,66.6496521359286,67.0279039612872,67.4154331692241,67.8283834976265,68.2001551147756,68.5564558759308,68.8624325798877
"Life expectancy at birth, total (years)",SP.DYN.LE00.IN,Middle East & North Africa,MEA,65.0632720470454,67.6074566024281,69.2821780682104,70.6309307908833,72.1063833194012,72.3722852310438,72.2846780246288,72.3442426683639,72.6238633901154,72.8895160840123,73.1525218426913,73.6097428540992
"Life expectancy at birth, total (years)",SP.DYN.LE00.IN,Middle East & North Africa (excluding high income),MNA,64.3512466818316,66.9661972240301,68.6414974738103,69.9073718191941,71.2768418587679,71.5228584581609,71.3776471462326,71.4057468128264,71.7027790275536,71.9861891242774,72.2564883768439,72.7670011397562
"Life expectancy at birth, total (years)",SP.DYN.LE00.IN,Middle East & North Africa (IDA & IBRD countries),TMN,64.3200057350326,66.9399820546723,68.6233338932417,69.8841373211559,71.2575818425093,71.503547867921,71.3540519418564,71.3759772152023,71.6923140703475,71.9585514664059,72.2301322796325,72.7432285455686
"Life expectancy at birth, total (years)",SP.DYN.LE00.IN,Middle income,MIC,63.7174686980617,64.9728396363142,66.6239113574376,68.2355320194695,69.74001759309,70.1020242300929,70.4443168219645,70.7788091914377,71.1150456171351,71.4093594080205,71.6839098646916,71.9225502277337
"Life expectancy at birth, total (years)",SP.DYN.LE00.IN,North America,NAC,75.4350452733174,75.860600246286,76.8819963377772,77.7540822503293,78.8094555298644,78.9205589068046,79.0314779893629,79.0422100128331,79.1380829122827,79.012114325868,78.8773349028289,78.8790919678033
"Life expectancy at birth, total (years)",SP.DYN.LE00.IN,Not classified,INX,..,..,..,..,..,..,..,..,..,..,..,..
"Life expectancy at birth, total (years)",SP.DYN.LE00.IN,OECD members,OED,74.6026807284712,75.5476838597268,76.9156553170191,78.0108264403748,79.0898873608228,79.3181000634578,79.4727179754032,79.6698150949944,79.9168920094355,79.792488798745,79.901821935727,79.930762637575
"Life expectancy at birth, total (years)",SP.DYN.LE00.IN,Other small states,OSS,62.0460773982409,61.2643943858717,60.4329368443966,61.2016747434978,64.5529603710142,65.0753359087981,65.6322237053785,66.2120397726403,66.7095372644358,67.2887714569841,67.9054900792517,68.3772071490802
"Life expectancy at birth, total (years)",SP.DYN.LE00.IN,Pacific island small states,PSS,65.82165186348,66.8714247101872,67.4004523833956,67.9871623560939,68.5605375630181,68.6937784628126,68.7533246976301,68.7754540269779,68.7835881139375,68.6915548807775,68.9538062827489,69.2436487090441
"Life expectancy at birth, total (years)",SP.DYN.LE00.IN,Post-demographic dividend,PST,75.4669134559902,76.061237827372,77.348474476912,78.4253551257895,79.6819722105754,79.9482836227139,80.0823723412389,80.2603513667636,80.5163044941502,80.3841180149541,80.5384973418137,80.5850349461617
"Life expectancy at birth, total (years)",SP.DYN.LE00.IN,Pre-demographic dividend,PRE,48.728726211776,49.7163254615743,51.4739360006522,53.9397791722359,56.8119682833244,57.3871065174694,57.8697927005393,58.3300592913712,58.7521965415578,59.1193712621413,59.5239150627753,59.9506113469282
"Life expectancy at birth, total (years)",SP.DYN.LE00.IN,Small states,SST,64.0328014722207,63.5155416192235,62.882334580695,63.5670227594772,66.2472407202709,66.6991756798552,67.1568273538205,67.5957801920731,67.9460178469581,68.3510733572772,68.8093375695579,69.1878151706305
"Life expectancy at birth, total (years)",SP.DYN.LE00.IN,South Asia,SAS,58.5616672967409,60.4582982352674,62.8929726964929,64.9156958515493,66.7494102268344,67.1407285629299,67.6298429069426,68.1194693436966,68.6366684220052,69.1425888809621,69.6088639890302,69.9791020756437
"Life expectancy at birth, total (years)",SP.DYN.LE00.IN,South Asia (IDA & IBRD),TSA,58.5616672967409,60.4582982352674,62.8929726964929,64.9156958515493,66.7494102268344,67.14072856293,67.6298429069426,68.1194693436966,68.6366684220052,69.1425888809621,69.6088639890302,69.9791020756437
"Life expectancy at birth, total (years)",SP.DYN.LE00.IN,Sub-Saharan Africa,SSF,49.824307633488,50.1141740715954,51.2645448028029,53.4621950485481,56.8473656890804,57.5586106850985,58.1410132486788,58.6680386013851,59.1426540000299,59.5629776824937,60.0690208848049,60.4771348418398
"Life expectancy at birth, total (years)",SP.DYN.LE00.IN,Sub-Saharan Africa (excluding high income),SSA,49.821847519093,50.1113154401014,51.2619441016462,53.4601779317098,56.8456972290726,57.5571440641248,58.139480025035,58.6666774633961,59.1413426903108,59.5616131621504,60.0677195424725,60.4758894589022
"Life expectancy at birth, total (years)",SP.DYN.LE00.IN,Sub-Saharan Africa (IDA & IBRD countries),TSS,49.8243076334879,50.1141740715954,51.2645448028029,53.4621950485481,56.8473656890804,57.5586106850984,58.1410132486788,58.6680386013851,59.1426540000299,59.5629776824937,60.0690208848049,60.4771348418398
"Life expectancy at birth, total (years)",SP.DYN.LE00.IN,Upper middle income,UMC,68.0000088986994,69.2705579792345,70.870128710238,72.5380082760974,74.1292304363598,74.4584329272049,74.7865801210639,75.0825239341363,75.348252685321,75.5702204534482,75.7670698844994,75.9454483117403
"Life expectancy at birth, total (years)",SP.DYN.LE00.IN,World,WLD,65.1808796624838,66.2083677233336,67.7000539909611,69.1983927865475,70.6706171214748,71.0078570150227,71.2840693211947,71.5774122240715,71.8814539452704,72.0955006895748,72.3452214183265,72.5430440656125
,,,,,,,,,,,,,,,
,,,,,,,,,,,,,,,
,,,,,,,,,,,,,,,
Data from database: World Development Indicators,,,,,,,,,,,,,,,
Last Updated: 12/22/2022,,,,,,,,,,,,,,,
